tax_transaction_id,order_id,transaction_date,destination_country,tax_type,taxable_amount,tax_rate,tax_amount,currency
TAX-ORD-1000,ORD-1000,2024-12-21,AU,VAT,144.17999999999998,0.1,14.42,AUD
DUTY-ORD-1000,ORD-1000,2024-12-21,AU,DUTY,144.17999999999998,0.08,11.53,AUD
TAX-ORD-1001,ORD-1001,2024-12-09,UK,VAT,57.06999999999999,0.2,11.41,GBP
DUTY-ORD-1001,ORD-1001,2024-12-09,UK,DUTY,57.06999999999999,0.05,2.85,GBP
TAX-ORD-1002,ORD-1002,2024-12-11,CA,VAT,265.70000000000005,0.13,34.54,CAD
DUTY-ORD-1002,ORD-1002,2024-12-11,CA,DUTY,265.70000000000005,0.05,13.29,CAD
TAX-ORD-1004,ORD-1004,2024-11-13,UK,VAT,179.81,0.2,35.96,GBP
DUTY-ORD-1004,ORD-1004,2024-11-13,UK,DUTY,179.81,0.12,21.58,GBP
TAX-ORD-1005,ORD-1005,2024-11-28,JP,VAT,187.29000000000002,0.1,18.73,JPY
TAX-ORD-1007,ORD-1007,2024-10-30,UK,VAT,215.93,0.2,43.19,GBP
DUTY-ORD-1007,ORD-1007,2024-10-30,UK,DUTY,215.93,0.05,10.8,GBP
TAX-ORD-1008,ORD-1008,2024-12-25,JP,VAT,307.46000000000004,0.1,30.75,JPY
DUTY-ORD-1008,ORD-1008,2024-12-25,JP,DUTY,307.46000000000004,0.05,15.37,JPY
TAX-ORD-1009,ORD-1009,2024-11-29,JP,VAT,304.2,0.1,30.42,JPY
DUTY-ORD-1009,ORD-1009,2024-11-29,JP,DUTY,304.2,0.05,15.21,JPY
TAX-ORD-1010,ORD-1010,2024-10-08,US,VAT,163.16,0.08,13.05,USD
TAX-ORD-1011,ORD-1011,2024-12-12,UK,VAT,275.96,0.2,55.19,GBP
DUTY-ORD-1011,ORD-1011,2024-12-12,UK,DUTY,275.96,0.05,13.8,GBP
TAX-ORD-1012,ORD-1012,2024-10-19,US,VAT,257.23,0.08,20.58,USD
TAX-ORD-1013,ORD-1013,2024-12-14,US,VAT,399.11,0.08,31.93,USD
TAX-ORD-1014,ORD-1014,2024-10-15,US,VAT,356.22,0.08,28.5,USD
TAX-ORD-1015,ORD-1015,2024-11-29,JP,VAT,437.35,0.1,43.74,JPY
TAX-ORD-1016,ORD-1016,2024-12-08,DE,VAT,172.62,0.19,32.8,EUR
DUTY-ORD-1016,ORD-1016,2024-12-08,DE,DUTY,172.62,0.05,8.63,EUR
TAX-ORD-1017,ORD-1017,2024-11-03,DE,VAT,278.46,0.19,52.91,EUR
TAX-ORD-1018,ORD-1018,2024-12-21,US,VAT,196.43,0.08,15.71,USD
TAX-ORD-1019,ORD-1019,2024-12-07,CA,VAT,269.87,0.13,35.08,CAD
DUTY-ORD-1019,ORD-1019,2024-12-07,CA,DUTY,269.87,0.08,21.59,CAD
TAX-ORD-1020,ORD-1020,2024-11-09,US,VAT,305.31,0.08,24.42,USD
TAX-ORD-1021,ORD-1021,2024-10-09,CA,VAT,85.27000000000001,0.13,11.09,CAD
TAX-ORD-1022,ORD-1022,2024-12-07,UK,VAT,130.78,0.2,26.16,GBP
DUTY-ORD-1022,ORD-1022,2024-12-07,UK,DUTY,130.78,0.12,15.69,GBP
TAX-ORD-1023,ORD-1023,2024-12-25,UK,VAT,282.91,0.2,56.58,GBP
DUTY-ORD-1023,ORD-1023,2024-12-25,UK,DUTY,282.91,0.08,22.63,GBP
TAX-ORD-1024,ORD-1024,2024-10-03,US,VAT,149.1,0.08,11.93,USD
TAX-ORD-1025,ORD-1025,2024-10-09,FR,VAT,73.7,0.2,14.74,EUR
TAX-ORD-1026,ORD-1026,2024-12-09,JP,VAT,245.58000000000004,0.1,24.56,JPY
TAX-ORD-1027,ORD-1027,2024-11-22,US,VAT,195.18,0.08,15.61,USD
TAX-ORD-1028,ORD-1028,2024-10-07,JP,VAT,75.43,0.1,7.54,JPY
TAX-ORD-1029,ORD-1029,2024-10-14,US,VAT,201.5,0.08,16.12,USD
TAX-ORD-1030,ORD-1030,2024-10-10,FR,VAT,297.65,0.2,59.53,EUR
TAX-ORD-1031,ORD-1031,2024-10-02,FR,VAT,388.72,0.2,77.74,EUR
TAX-ORD-1032,ORD-1032,2024-11-21,US,VAT,40.78,0.08,3.26,USD
TAX-ORD-1033,ORD-1033,2024-11-28,AU,VAT,302.98,0.1,30.3,AUD
TAX-ORD-1034,ORD-1034,2024-10-08,CA,VAT,386.59,0.13,50.26,CAD
DUTY-ORD-1034,ORD-1034,2024-10-08,CA,DUTY,386.59,0.12,46.39,CAD
TAX-ORD-1035,ORD-1035,2024-12-07,JP,VAT,77.44,0.1,7.74,JPY
DUTY-ORD-1035,ORD-1035,2024-12-07,JP,DUTY,77.44,0.12,9.29,JPY
TAX-ORD-1036,ORD-1036,2024-10-31,JP,VAT,306.35,0.1,30.64,JPY
DUTY-ORD-1036,ORD-1036,2024-10-31,JP,DUTY,306.35,0.12,36.76,JPY
TAX-ORD-1037,ORD-1037,2024-12-14,UK,VAT,142.24,0.2,28.45,GBP
TAX-ORD-1038,ORD-1038,2024-12-25,UK,VAT,468.06,0.2,93.61,GBP
DUTY-ORD-1038,ORD-1038,2024-12-25,UK,DUTY,468.06,0.08,37.44,GBP
TAX-ORD-1039,ORD-1039,2024-12-12,US,VAT,124.02999999999999,0.08,9.92,USD
TAX-ORD-1041,ORD-1041,2024-12-23,AU,VAT,299.57,0.1,29.96,AUD
DUTY-ORD-1041,ORD-1041,2024-12-23,AU,DUTY,299.57,0.12,35.95,AUD
TAX-ORD-1042,ORD-1042,2024-10-15,AU,VAT,101.96000000000001,0.1,10.2,AUD
DUTY-ORD-1042,ORD-1042,2024-10-15,AU,DUTY,101.96000000000001,0.05,5.1,AUD
TAX-ORD-1043,ORD-1043,2024-10-27,FR,VAT,235.82,0.2,47.16,EUR
DUTY-ORD-1043,ORD-1043,2024-10-27,FR,DUTY,235.82,0.05,11.79,EUR
TAX-ORD-1044,ORD-1044,2024-10-12,DE,VAT,59.36,0.19,11.28,EUR
TAX-ORD-1045,ORD-1045,2024-11-03,UK,VAT,367.55,0.2,73.51,GBP
DUTY-ORD-1045,ORD-1045,2024-11-03,UK,DUTY,367.55,0.08,29.4,GBP
TAX-ORD-1046,ORD-1046,2024-12-28,CA,VAT,383.01,0.13,49.79,CAD
DUTY-ORD-1046,ORD-1046,2024-12-28,CA,DUTY,383.01,0.12,45.96,CAD
TAX-ORD-1047,ORD-1047,2024-11-16,DE,VAT,371.72,0.19,70.63,EUR
TAX-ORD-1048,ORD-1048,2024-10-14,CA,VAT,399.26,0.13,51.9,CAD
DUTY-ORD-1048,ORD-1048,2024-10-14,CA,DUTY,399.26,0.08,31.94,CAD
TAX-ORD-1049,ORD-1049,2024-10-21,DE,VAT,446.64,0.19,84.86,EUR
DUTY-ORD-1049,ORD-1049,2024-10-21,DE,DUTY,446.64,0.05,22.33,EUR
TAX-ORD-1050,ORD-1050,2024-11-22,FR,VAT,352.60999999999996,0.2,70.52,EUR
DUTY-ORD-1050,ORD-1050,2024-11-22,FR,DUTY,352.60999999999996,0.12,42.31,EUR
TAX-ORD-1051,ORD-1051,2024-11-18,FR,VAT,120.08,0.2,24.02,EUR
TAX-ORD-1053,ORD-1053,2024-11-05,CA,VAT,302.40999999999997,0.13,39.31,CAD
TAX-ORD-1054,ORD-1054,2024-11-03,JP,VAT,169.46,0.1,16.95,JPY
DUTY-ORD-1054,ORD-1054,2024-11-03,JP,DUTY,169.46,0.08,13.56,JPY
TAX-ORD-1055,ORD-1055,2024-11-10,JP,VAT,91.84,0.1,9.18,JPY
TAX-ORD-1056,ORD-1056,2024-10-01,DE,VAT,323.17999999999995,0.19,61.4,EUR
TAX-ORD-1057,ORD-1057,2024-12-25,CA,VAT,348.52,0.13,45.31,CAD
DUTY-ORD-1057,ORD-1057,2024-12-25,CA,DUTY,348.52,0.12,41.82,CAD
TAX-ORD-1058,ORD-1058,2024-11-09,UK,VAT,327.37,0.2,65.47,GBP
DUTY-ORD-1058,ORD-1058,2024-11-09,UK,DUTY,327.37,0.05,16.37,GBP
TAX-ORD-1059,ORD-1059,2024-11-18,FR,VAT,277.93,0.2,55.59,EUR
DUTY-ORD-1059,ORD-1059,2024-11-18,FR,DUTY,277.93,0.05,13.9,EUR
TAX-ORD-1060,ORD-1060,2024-11-08,UK,VAT,264.34000000000003,0.2,52.87,GBP
DUTY-ORD-1060,ORD-1060,2024-11-08,UK,DUTY,264.34000000000003,0.08,21.15,GBP
TAX-ORD-1061,ORD-1061,2024-10-28,DE,VAT,433.73,0.19,82.41,EUR
DUTY-ORD-1061,ORD-1061,2024-10-28,DE,DUTY,433.73,0.05,21.69,EUR
TAX-ORD-1062,ORD-1062,2024-12-24,UK,VAT,376.46000000000004,0.2,75.29,GBP
DUTY-ORD-1062,ORD-1062,2024-12-24,UK,DUTY,376.46000000000004,0.08,30.12,GBP
TAX-ORD-1063,ORD-1063,2024-10-26,US,VAT,492.77,0.08,39.42,USD
TAX-ORD-1064,ORD-1064,2024-12-13,AU,VAT,245.22000000000003,0.1,24.52,AUD
DUTY-ORD-1064,ORD-1064,2024-12-13,AU,DUTY,245.22000000000003,0.12,29.43,AUD
TAX-ORD-1065,ORD-1065,2024-10-14,US,VAT,329.48,0.08,26.36,USD
TAX-ORD-1066,ORD-1066,2024-10-16,DE,VAT,297.85,0.19,56.59,EUR
DUTY-ORD-1066,ORD-1066,2024-10-16,DE,DUTY,297.85,0.08,23.83,EUR
TAX-ORD-1067,ORD-1067,2024-12-18,FR,VAT,193.62,0.2,38.72,EUR
DUTY-ORD-1067,ORD-1067,2024-12-18,FR,DUTY,193.62,0.05,9.68,EUR
TAX-ORD-1068,ORD-1068,2024-11-30,DE,VAT,363.75,0.19,69.11,EUR
TAX-ORD-1069,ORD-1069,2024-12-20,UK,VAT,333.99,0.2,66.8,GBP
DUTY-ORD-1069,ORD-1069,2024-12-20,UK,DUTY,333.99,0.12,40.08,GBP
TAX-ORD-1070,ORD-1070,2024-12-09,US,VAT,200.13,0.08,16.01,USD
TAX-ORD-1071,ORD-1071,2024-11-22,UK,VAT,62.419999999999995,0.2,12.48,GBP
DUTY-ORD-1071,ORD-1071,2024-11-22,UK,DUTY,62.419999999999995,0.05,3.12,GBP
TAX-ORD-1072,ORD-1072,2024-12-29,FR,VAT,247.25,0.2,49.45,EUR
DUTY-ORD-1072,ORD-1072,2024-12-29,FR,DUTY,247.25,0.12,29.67,EUR
TAX-ORD-1073,ORD-1073,2024-11-19,JP,VAT,214.7,0.1,21.47,JPY
DUTY-ORD-1073,ORD-1073,2024-11-19,JP,DUTY,214.7,0.08,17.18,JPY
TAX-ORD-1074,ORD-1074,2024-12-02,UK,VAT,284.49,0.2,56.9,GBP
DUTY-ORD-1074,ORD-1074,2024-12-02,UK,DUTY,284.49,0.05,14.22,GBP
TAX-ORD-1075,ORD-1075,2024-10-17,CA,VAT,458.12,0.13,59.56,CAD
TAX-ORD-1076,ORD-1076,2024-11-29,US,VAT,157.85,0.08,12.63,USD
TAX-ORD-1077,ORD-1077,2024-11-18,JP,VAT,239.7,0.1,23.97,JPY
TAX-ORD-1078,ORD-1078,2024-10-07,UK,VAT,342.56,0.2,68.51,GBP
TAX-ORD-1079,ORD-1079,2024-10-26,CA,VAT,125.88,0.13,16.36,CAD
TAX-ORD-1080,ORD-1080,2024-10-28,US,VAT,216.0,0.08,17.28,USD
TAX-ORD-1081,ORD-1081,2024-11-09,US,VAT,152.3,0.08,12.18,USD
TAX-ORD-1082,ORD-1082,2024-10-10,DE,VAT,135.39,0.19,25.72,EUR
DUTY-ORD-1082,ORD-1082,2024-10-10,DE,DUTY,135.39,0.12,16.25,EUR
TAX-ORD-1083,ORD-1083,2024-10-16,CA,VAT,54.78,0.13,7.12,CAD
DUTY-ORD-1083,ORD-1083,2024-10-16,CA,DUTY,54.78,0.05,2.74,CAD
TAX-ORD-1084,ORD-1084,2024-12-22,DE,VAT,420.05,0.19,79.81,EUR
TAX-ORD-1085,ORD-1085,2024-11-28,UK,VAT,323.17999999999995,0.2,64.64,GBP
TAX-ORD-1086,ORD-1086,2024-12-01,DE,VAT,269.12,0.19,51.13,EUR
TAX-ORD-1087,ORD-1087,2024-10-12,UK,VAT,310.16999999999996,0.2,62.03,GBP
DUTY-ORD-1087,ORD-1087,2024-10-12,UK,DUTY,310.16999999999996,0.08,24.81,GBP
TAX-ORD-1088,ORD-1088,2024-11-11,US,VAT,347.66999999999996,0.08,27.81,USD
TAX-ORD-1089,ORD-1089,2024-11-05,CA,VAT,122.38,0.13,15.91,CAD
DUTY-ORD-1089,ORD-1089,2024-11-05,CA,DUTY,122.38,0.05,6.12,CAD
TAX-ORD-1090,ORD-1090,2024-10-31,CA,VAT,270.87,0.13,35.21,CAD
DUTY-ORD-1090,ORD-1090,2024-10-31,CA,DUTY,270.87,0.12,32.5,CAD
TAX-ORD-1091,ORD-1091,2024-12-28,AU,VAT,183.65,0.1,18.37,AUD
DUTY-ORD-1091,ORD-1091,2024-12-28,AU,DUTY,183.65,0.08,14.69,AUD
TAX-ORD-1092,ORD-1092,2024-11-12,UK,VAT,169.17999999999998,0.2,33.84,GBP
DUTY-ORD-1092,ORD-1092,2024-11-12,UK,DUTY,169.17999999999998,0.08,13.53,GBP
TAX-ORD-1093,ORD-1093,2024-10-16,JP,VAT,324.51,0.1,32.45,JPY
DUTY-ORD-1093,ORD-1093,2024-10-16,JP,DUTY,324.51,0.12,38.94,JPY
TAX-ORD-1094,ORD-1094,2024-12-15,CA,VAT,177.35,0.13,23.06,CAD
TAX-ORD-1095,ORD-1095,2024-11-16,US,VAT,246.81,0.08,19.74,USD
TAX-ORD-1096,ORD-1096,2024-11-07,US,VAT,352.65,0.08,28.21,USD
TAX-ORD-1097,ORD-1097,2024-11-06,UK,VAT,132.96,0.2,26.59,GBP
TAX-ORD-1098,ORD-1098,2024-10-15,UK,VAT,83.34,0.2,16.67,GBP
DUTY-ORD-1098,ORD-1098,2024-10-15,UK,DUTY,83.34,0.05,4.17,GBP
TAX-ORD-1099,ORD-1099,2024-11-08,US,VAT,240.9,0.08,19.27,USD
TAX-ORD-1101,ORD-1101,2024-11-09,US,VAT,482.05,0.08,38.56,USD
TAX-ORD-1102,ORD-1102,2024-10-28,US,VAT,157.94,0.08,12.64,USD
TAX-ORD-1103,ORD-1103,2024-12-28,US,VAT,131.04,0.08,10.48,USD
TAX-ORD-1104,ORD-1104,2024-12-27,US,VAT,365.45,0.08,29.24,USD
TAX-ORD-1105,ORD-1105,2024-12-22,US,VAT,114.01,0.08,9.12,USD
TAX-ORD-1106,ORD-1106,2024-12-12,UK,VAT,221.77000000000004,0.2,44.35,GBP
TAX-ORD-1107,ORD-1107,2024-12-04,UK,VAT,255.3,0.2,51.06,GBP
DUTY-ORD-1107,ORD-1107,2024-12-04,UK,DUTY,255.3,0.08,20.42,GBP
TAX-ORD-1108,ORD-1108,2024-10-04,JP,VAT,426.18,0.1,42.62,JPY
DUTY-ORD-1108,ORD-1108,2024-10-04,JP,DUTY,426.18,0.08,34.09,JPY
TAX-ORD-1109,ORD-1109,2024-11-04,DE,VAT,103.07000000000001,0.19,19.58,EUR
DUTY-ORD-1109,ORD-1109,2024-11-04,DE,DUTY,103.07000000000001,0.08,8.25,EUR
TAX-ORD-1110,ORD-1110,2024-12-14,DE,VAT,388.86,0.19,73.88,EUR
DUTY-ORD-1110,ORD-1110,2024-12-14,DE,DUTY,388.86,0.12,46.66,EUR
TAX-ORD-1111,ORD-1111,2024-12-25,US,VAT,188.19,0.08,15.06,USD
TAX-ORD-1112,ORD-1112,2024-12-10,US,VAT,163.58,0.08,13.09,USD
TAX-ORD-1113,ORD-1113,2024-12-05,US,VAT,352.98,0.08,28.24,USD
TAX-ORD-1114,ORD-1114,2024-11-16,UK,VAT,248.92,0.2,49.78,GBP
TAX-ORD-1115,ORD-1115,2024-11-06,AU,VAT,94.18,0.1,9.42,AUD
TAX-ORD-1116,ORD-1116,2024-10-02,US,VAT,496.52,0.08,39.72,USD
TAX-ORD-1117,ORD-1117,2024-10-20,AU,VAT,237.14000000000001,0.1,23.71,AUD
TAX-ORD-1118,ORD-1118,2024-11-30,CA,VAT,200.35000000000002,0.13,26.05,CAD
TAX-ORD-1119,ORD-1119,2024-11-23,DE,VAT,170.23,0.19,32.34,EUR
DUTY-ORD-1119,ORD-1119,2024-11-23,DE,DUTY,170.23,0.05,8.51,EUR
TAX-ORD-1120,ORD-1120,2024-12-15,AU,VAT,351.5,0.1,35.15,AUD
DUTY-ORD-1120,ORD-1120,2024-12-15,AU,DUTY,351.5,0.05,17.57,AUD
TAX-ORD-1121,ORD-1121,2024-12-10,UK,VAT,422.79999999999995,0.2,84.56,GBP
DUTY-ORD-1121,ORD-1121,2024-12-10,UK,DUTY,422.79999999999995,0.08,33.82,GBP
TAX-ORD-1122,ORD-1122,2024-11-19,DE,VAT,55.71,0.19,10.58,EUR
DUTY-ORD-1122,ORD-1122,2024-11-19,DE,DUTY,55.71,0.08,4.46,EUR
TAX-ORD-1123,ORD-1123,2024-11-19,DE,VAT,309.07000000000005,0.19,58.72,EUR
DUTY-ORD-1123,ORD-1123,2024-11-19,DE,DUTY,309.07000000000005,0.12,37.09,EUR
TAX-ORD-1124,ORD-1124,2024-12-04,UK,VAT,76.13,0.2,15.23,GBP
DUTY-ORD-1124,ORD-1124,2024-12-04,UK,DUTY,76.13,0.08,6.09,GBP
TAX-ORD-1125,ORD-1125,2024-10-02,UK,VAT,310.19,0.2,62.04,GBP
TAX-ORD-1126,ORD-1126,2024-11-03,AU,VAT,291.07,0.1,29.11,AUD
DUTY-ORD-1126,ORD-1126,2024-11-03,AU,DUTY,291.07,0.08,23.29,AUD
TAX-ORD-1127,ORD-1127,2024-11-18,CA,VAT,359.48,0.13,46.73,CAD
DUTY-ORD-1127,ORD-1127,2024-11-18,CA,DUTY,359.48,0.08,28.76,CAD
TAX-ORD-1128,ORD-1128,2024-10-09,AU,VAT,161.39,0.1,16.14,AUD
DUTY-ORD-1128,ORD-1128,2024-10-09,AU,DUTY,161.39,0.05,8.07,AUD
TAX-ORD-1129,ORD-1129,2024-10-13,AU,VAT,85.71000000000001,0.1,8.57,AUD
TAX-ORD-1130,ORD-1130,2024-10-06,US,VAT,169.05,0.08,13.52,USD
TAX-ORD-1131,ORD-1131,2024-12-12,US,VAT,103.02,0.08,8.24,USD
TAX-ORD-1132,ORD-1132,2024-12-14,UK,VAT,139.64999999999998,0.2,27.93,GBP
DUTY-ORD-1132,ORD-1132,2024-12-14,UK,DUTY,139.64999999999998,0.12,16.76,GBP
TAX-ORD-1134,ORD-1134,2024-11-08,UK,VAT,138.16,0.2,27.63,GBP
DUTY-ORD-1134,ORD-1134,2024-11-08,UK,DUTY,138.16,0.12,16.58,GBP
TAX-ORD-1135,ORD-1135,2024-12-01,UK,VAT,179.8,0.2,35.96,GBP
DUTY-ORD-1135,ORD-1135,2024-12-01,UK,DUTY,179.8,0.12,21.58,GBP
TAX-ORD-1136,ORD-1136,2024-12-24,US,VAT,439.28,0.08,35.14,USD
TAX-ORD-1137,ORD-1137,2024-11-06,US,VAT,369.78,0.08,29.58,USD
TAX-ORD-1138,ORD-1138,2024-12-26,DE,VAT,320.74,0.19,60.94,EUR
DUTY-ORD-1138,ORD-1138,2024-12-26,DE,DUTY,320.74,0.08,25.66,EUR
TAX-ORD-1139,ORD-1139,2024-12-22,DE,VAT,55.260000000000005,0.19,10.5,EUR
DUTY-ORD-1139,ORD-1139,2024-12-22,DE,DUTY,55.260000000000005,0.12,6.63,EUR
TAX-ORD-1140,ORD-1140,2024-11-07,UK,VAT,119.31000000000002,0.2,23.86,GBP
DUTY-ORD-1140,ORD-1140,2024-11-07,UK,DUTY,119.31000000000002,0.12,14.32,GBP
TAX-ORD-1141,ORD-1141,2024-10-22,DE,VAT,226.80999999999997,0.19,43.09,EUR
DUTY-ORD-1141,ORD-1141,2024-10-22,DE,DUTY,226.80999999999997,0.12,27.22,EUR
TAX-ORD-1142,ORD-1142,2024-10-15,US,VAT,350.43,0.08,28.03,USD
TAX-ORD-1143,ORD-1143,2024-11-20,DE,VAT,171.68,0.19,32.62,EUR
DUTY-ORD-1143,ORD-1143,2024-11-20,DE,DUTY,171.68,0.05,8.58,EUR
TAX-ORD-1144,ORD-1144,2024-11-28,AU,VAT,134.38,0.1,13.44,AUD
TAX-ORD-1145,ORD-1145,2024-10-14,UK,VAT,279.48,0.2,55.9,GBP
DUTY-ORD-1145,ORD-1145,2024-10-14,UK,DUTY,279.48,0.05,13.97,GBP
TAX-ORD-1146,ORD-1146,2024-10-09,UK,VAT,292.38,0.2,58.48,GBP
TAX-ORD-1147,ORD-1147,2024-10-05,UK,VAT,84.36999999999999,0.2,16.87,GBP
DUTY-ORD-1147,ORD-1147,2024-10-05,UK,DUTY,84.36999999999999,0.05,4.22,GBP
TAX-ORD-1148,ORD-1148,2024-12-29,UK,VAT,345.62,0.2,69.12,GBP
TAX-ORD-1149,ORD-1149,2024-12-02,JP,VAT,149.5,0.1,14.95,JPY
DUTY-ORD-1149,ORD-1149,2024-12-02,JP,DUTY,149.5,0.12,17.94,JPY
TAX-ORD-1150,ORD-1150,2024-10-31,US,VAT,304.78,0.08,24.38,USD
TAX-ORD-1151,ORD-1151,2024-10-16,DE,VAT,82.13,0.19,15.6,EUR
DUTY-ORD-1151,ORD-1151,2024-10-16,DE,DUTY,82.13,0.12,9.86,EUR
TAX-ORD-1152,ORD-1152,2024-10-03,UK,VAT,445.47,0.2,89.09,GBP
DUTY-ORD-1152,ORD-1152,2024-10-03,UK,DUTY,445.47,0.12,53.46,GBP
TAX-ORD-1153,ORD-1153,2024-10-27,DE,VAT,139.37,0.19,26.48,EUR
DUTY-ORD-1153,ORD-1153,2024-10-27,DE,DUTY,139.37,0.05,6.97,EUR
TAX-ORD-1154,ORD-1154,2024-11-05,US,VAT,92.23,0.08,7.38,USD
TAX-ORD-1155,ORD-1155,2024-10-04,UK,VAT,344.07000000000005,0.2,68.81,GBP
DUTY-ORD-1155,ORD-1155,2024-10-04,UK,DUTY,344.07000000000005,0.12,41.29,GBP
TAX-ORD-1156,ORD-1156,2024-10-17,CA,VAT,308.44,0.13,40.1,CAD
DUTY-ORD-1156,ORD-1156,2024-10-17,CA,DUTY,308.44,0.08,24.68,CAD
TAX-ORD-1157,ORD-1157,2024-12-15,CA,VAT,475.44,0.13,61.81,CAD
TAX-ORD-1158,ORD-1158,2024-12-24,UK,VAT,483.81,0.2,96.76,GBP
DUTY-ORD-1158,ORD-1158,2024-12-24,UK,DUTY,483.81,0.05,24.19,GBP
TAX-ORD-1159,ORD-1159,2024-11-24,UK,VAT,459.37,0.2,91.87,GBP
DUTY-ORD-1159,ORD-1159,2024-11-24,UK,DUTY,459.37,0.12,55.12,GBP
TAX-ORD-1160,ORD-1160,2024-10-19,US,VAT,284.65,0.08,22.77,USD
TAX-ORD-1161,ORD-1161,2024-11-07,CA,VAT,94.63,0.13,12.3,CAD
DUTY-ORD-1161,ORD-1161,2024-11-07,CA,DUTY,94.63,0.12,11.36,CAD
TAX-ORD-1162,ORD-1162,2024-12-10,US,VAT,227.88,0.08,18.23,USD
TAX-ORD-1163,ORD-1163,2024-11-21,US,VAT,205.73,0.08,16.46,USD
TAX-ORD-1164,ORD-1164,2024-11-30,DE,VAT,91.95,0.19,17.47,EUR
TAX-ORD-1165,ORD-1165,2024-10-17,CA,VAT,257.29999999999995,0.13,33.45,CAD
DUTY-ORD-1165,ORD-1165,2024-10-17,CA,DUTY,257.29999999999995,0.12,30.88,CAD
TAX-ORD-1166,ORD-1166,2024-12-25,UK,VAT,462.13,0.2,92.43,GBP
DUTY-ORD-1166,ORD-1166,2024-12-25,UK,DUTY,462.13,0.12,55.46,GBP
TAX-ORD-1167,ORD-1167,2024-11-15,CA,VAT,95.69999999999999,0.13,12.44,CAD
TAX-ORD-1169,ORD-1169,2024-12-19,CA,VAT,52.540000000000006,0.13,6.83,CAD
TAX-ORD-1170,ORD-1170,2024-11-09,UK,VAT,118.47,0.2,23.69,GBP
DUTY-ORD-1170,ORD-1170,2024-11-09,UK,DUTY,118.47,0.08,9.48,GBP
TAX-ORD-1171,ORD-1171,2024-10-19,JP,VAT,82.16000000000001,0.1,8.22,JPY
DUTY-ORD-1171,ORD-1171,2024-10-19,JP,DUTY,82.16000000000001,0.08,6.57,JPY
TAX-ORD-1172,ORD-1172,2024-10-21,AU,VAT,399.58,0.1,39.96,AUD
TAX-ORD-1173,ORD-1173,2024-12-19,US,VAT,199.52,0.08,15.96,USD
TAX-ORD-1174,ORD-1174,2024-11-04,CA,VAT,205.33,0.13,26.69,CAD
DUTY-ORD-1174,ORD-1174,2024-11-04,CA,DUTY,205.33,0.05,10.27,CAD
TAX-ORD-1175,ORD-1175,2024-12-02,UK,VAT,149.23,0.2,29.85,GBP
DUTY-ORD-1175,ORD-1175,2024-12-02,UK,DUTY,149.23,0.08,11.94,GBP
TAX-ORD-1176,ORD-1176,2024-10-28,DE,VAT,180.25,0.19,34.25,EUR
TAX-ORD-1177,ORD-1177,2024-10-23,CA,VAT,130.52,0.13,16.97,CAD
DUTY-ORD-1177,ORD-1177,2024-10-23,CA,DUTY,130.52,0.12,15.66,CAD
TAX-ORD-1178,ORD-1178,2024-10-06,UK,VAT,72.28,0.2,14.46,GBP
DUTY-ORD-1178,ORD-1178,2024-10-06,UK,DUTY,72.28,0.05,3.61,GBP
TAX-ORD-1179,ORD-1179,2024-12-21,US,VAT,50.480000000000004,0.08,4.04,USD
TAX-ORD-1180,ORD-1180,2024-11-28,FR,VAT,89.66,0.2,17.93,EUR
DUTY-ORD-1180,ORD-1180,2024-11-28,FR,DUTY,89.66,0.12,10.76,EUR
TAX-ORD-1181,ORD-1181,2024-12-07,FR,VAT,347.05,0.2,69.41,EUR
DUTY-ORD-1181,ORD-1181,2024-12-07,FR,DUTY,347.05,0.08,27.76,EUR
TAX-ORD-1183,ORD-1183,2024-12-22,US,VAT,104.31,0.08,8.34,USD
TAX-ORD-1184,ORD-1184,2024-12-23,JP,VAT,266.06,0.1,26.61,JPY
DUTY-ORD-1184,ORD-1184,2024-12-23,JP,DUTY,266.06,0.12,31.93,JPY
TAX-ORD-1185,ORD-1185,2024-11-27,FR,VAT,288.45000000000005,0.2,57.69,EUR
DUTY-ORD-1185,ORD-1185,2024-11-27,FR,DUTY,288.45000000000005,0.05,14.42,EUR
TAX-ORD-1186,ORD-1186,2024-10-20,UK,VAT,284.0,0.2,56.8,GBP
TAX-ORD-1187,ORD-1187,2024-10-10,UK,VAT,64.25999999999999,0.2,12.85,GBP
TAX-ORD-1188,ORD-1188,2024-10-12,CA,VAT,258.22,0.13,33.57,CAD
DUTY-ORD-1188,ORD-1188,2024-10-12,CA,DUTY,258.22,0.05,12.91,CAD
TAX-ORD-1189,ORD-1189,2024-12-23,CA,VAT,275.62,0.13,35.83,CAD
DUTY-ORD-1189,ORD-1189,2024-12-23,CA,DUTY,275.62,0.12,33.07,CAD
TAX-ORD-1190,ORD-1190,2024-11-13,US,VAT,340.76,0.08,27.26,USD
TAX-ORD-1191,ORD-1191,2024-11-26,CA,VAT,181.69,0.13,23.62,CAD
DUTY-ORD-1191,ORD-1191,2024-11-26,CA,DUTY,181.69,0.12,21.8,CAD
TAX-ORD-1192,ORD-1192,2024-12-26,DE,VAT,341.29,0.19,64.85,EUR
DUTY-ORD-1192,ORD-1192,2024-12-26,DE,DUTY,341.29,0.05,17.06,EUR
TAX-ORD-1193,ORD-1193,2024-11-19,AU,VAT,310.9,0.1,31.09,AUD
TAX-ORD-1194,ORD-1194,2024-10-19,UK,VAT,276.18,0.2,55.24,GBP
DUTY-ORD-1194,ORD-1194,2024-10-19,UK,DUTY,276.18,0.12,33.14,GBP
TAX-ORD-1195,ORD-1195,2024-10-11,UK,VAT,365.63,0.2,73.13,GBP
DUTY-ORD-1195,ORD-1195,2024-10-11,UK,DUTY,365.63,0.08,29.25,GBP
TAX-ORD-1196,ORD-1196,2024-12-27,US,VAT,298.95,0.08,23.92,USD
TAX-ORD-1197,ORD-1197,2024-10-28,DE,VAT,122.76,0.19,23.32,EUR
DUTY-ORD-1197,ORD-1197,2024-10-28,DE,DUTY,122.76,0.05,6.14,EUR
TAX-ORD-1198,ORD-1198,2024-10-13,CA,VAT,382.39,0.13,49.71,CAD
DUTY-ORD-1198,ORD-1198,2024-10-13,CA,DUTY,382.39,0.08,30.59,CAD
TAX-ORD-1199,ORD-1199,2024-12-19,UK,VAT,110.71000000000001,0.2,22.14,GBP
DUTY-ORD-1199,ORD-1199,2024-12-19,UK,DUTY,110.71000000000001,0.08,8.86,GBP
TAX-ORD-1200,ORD-1200,2024-11-16,US,VAT,212.41,0.08,16.99,USD
TAX-ORD-1201,ORD-1201,2024-10-30,UK,VAT,331.1,0.2,66.22,GBP
TAX-ORD-1202,ORD-1202,2024-12-26,JP,VAT,219.1,0.1,21.91,JPY
DUTY-ORD-1202,ORD-1202,2024-12-26,JP,DUTY,219.1,0.05,10.96,JPY
TAX-ORD-1203,ORD-1203,2024-11-23,DE,VAT,369.51,0.19,70.21,EUR
DUTY-ORD-1203,ORD-1203,2024-11-23,DE,DUTY,369.51,0.12,44.34,EUR
TAX-ORD-1204,ORD-1204,2024-12-01,CA,VAT,96.17,0.13,12.5,CAD
DUTY-ORD-1204,ORD-1204,2024-12-01,CA,DUTY,96.17,0.12,11.54,CAD
TAX-ORD-1205,ORD-1205,2024-11-04,CA,VAT,423.97,0.13,55.12,CAD
DUTY-ORD-1205,ORD-1205,2024-11-04,CA,DUTY,423.97,0.05,21.2,CAD
TAX-ORD-1206,ORD-1206,2024-11-27,JP,VAT,189.35999999999999,0.1,18.94,JPY
TAX-ORD-1207,ORD-1207,2024-10-11,US,VAT,398.54,0.08,31.88,USD
TAX-ORD-1208,ORD-1208,2024-11-06,UK,VAT,339.2,0.2,67.84,GBP
DUTY-ORD-1208,ORD-1208,2024-11-06,UK,DUTY,339.2,0.12,40.7,GBP
TAX-ORD-1209,ORD-1209,2024-10-11,US,VAT,93.82,0.08,7.51,USD
TAX-ORD-1210,ORD-1210,2024-11-08,US,VAT,270.02,0.08,21.6,USD
TAX-ORD-1211,ORD-1211,2024-12-03,US,VAT,253.73000000000002,0.08,20.3,USD
TAX-ORD-1212,ORD-1212,2024-10-01,US,VAT,237.46,0.08,19.0,USD
TAX-ORD-1213,ORD-1213,2024-12-07,DE,VAT,278.43,0.19,52.9,EUR
DUTY-ORD-1213,ORD-1213,2024-12-07,DE,DUTY,278.43,0.12,33.41,EUR
TAX-ORD-1214,ORD-1214,2024-12-21,UK,VAT,328.35,0.2,65.67,GBP
DUTY-ORD-1214,ORD-1214,2024-12-21,UK,DUTY,328.35,0.12,39.4,GBP
TAX-ORD-1215,ORD-1215,2024-12-24,DE,VAT,323.71,0.19,61.5,EUR
TAX-ORD-1216,ORD-1216,2024-11-13,US,VAT,320.49,0.08,25.64,USD
TAX-ORD-1217,ORD-1217,2024-10-24,US,VAT,319.43,0.08,25.55,USD
TAX-ORD-1218,ORD-1218,2024-10-26,UK,VAT,151.62,0.2,30.32,GBP
DUTY-ORD-1218,ORD-1218,2024-10-26,UK,DUTY,151.62,0.12,18.19,GBP
TAX-ORD-1219,ORD-1219,2024-11-02,CA,VAT,178.75,0.13,23.24,CAD
DUTY-ORD-1219,ORD-1219,2024-11-02,CA,DUTY,178.75,0.12,21.45,CAD
TAX-ORD-1220,ORD-1220,2024-10-16,UK,VAT,184.01,0.2,36.8,GBP
DUTY-ORD-1220,ORD-1220,2024-10-16,UK,DUTY,184.01,0.08,14.72,GBP
TAX-ORD-1221,ORD-1221,2024-10-24,UK,VAT,396.05,0.2,79.21,GBP
TAX-ORD-1222,ORD-1222,2024-10-11,JP,VAT,111.53,0.1,11.15,JPY
DUTY-ORD-1222,ORD-1222,2024-10-11,JP,DUTY,111.53,0.12,13.38,JPY
TAX-ORD-1223,ORD-1223,2024-12-24,UK,VAT,335.65,0.2,67.13,GBP
TAX-ORD-1225,ORD-1225,2024-10-08,CA,VAT,192.14000000000001,0.13,24.98,CAD
TAX-ORD-1226,ORD-1226,2024-12-17,UK,VAT,96.12,0.2,19.22,GBP
DUTY-ORD-1226,ORD-1226,2024-12-17,UK,DUTY,96.12,0.12,11.53,GBP
TAX-ORD-1227,ORD-1227,2024-11-19,US,VAT,95.24,0.08,7.62,USD
TAX-ORD-1228,ORD-1228,2024-10-10,CA,VAT,194.75,0.13,25.32,CAD
DUTY-ORD-1228,ORD-1228,2024-10-10,CA,DUTY,194.75,0.12,23.37,CAD
TAX-ORD-1229,ORD-1229,2024-10-24,UK,VAT,257.34000000000003,0.2,51.47,GBP
TAX-ORD-1230,ORD-1230,2024-10-28,US,VAT,369.94,0.08,29.6,USD
TAX-ORD-1232,ORD-1232,2024-11-10,AU,VAT,252.88,0.1,25.29,AUD
TAX-ORD-1233,ORD-1233,2024-12-29,DE,VAT,278.94,0.19,53.0,EUR
TAX-ORD-1235,ORD-1235,2024-10-17,US,VAT,151.34,0.08,12.11,USD
TAX-ORD-1236,ORD-1236,2024-12-13,JP,VAT,271.24,0.1,27.12,JPY
DUTY-ORD-1236,ORD-1236,2024-12-13,JP,DUTY,271.24,0.08,21.7,JPY
TAX-ORD-1237,ORD-1237,2024-10-17,DE,VAT,304.12,0.19,57.78,EUR
DUTY-ORD-1237,ORD-1237,2024-10-17,DE,DUTY,304.12,0.05,15.21,EUR
TAX-ORD-1238,ORD-1238,2024-12-04,US,VAT,95.28,0.08,7.62,USD
TAX-ORD-1239,ORD-1239,2024-10-29,JP,VAT,452.72,0.1,45.27,JPY
DUTY-ORD-1239,ORD-1239,2024-10-29,JP,DUTY,452.72,0.12,54.33,JPY
TAX-ORD-1240,ORD-1240,2024-12-10,CA,VAT,326.49,0.13,42.44,CAD
DUTY-ORD-1240,ORD-1240,2024-12-10,CA,DUTY,326.49,0.08,26.12,CAD
TAX-ORD-1241,ORD-1241,2024-12-14,AU,VAT,318.14,0.1,31.81,AUD
DUTY-ORD-1241,ORD-1241,2024-12-14,AU,DUTY,318.14,0.08,25.45,AUD
TAX-ORD-1242,ORD-1242,2024-10-04,JP,VAT,337.41999999999996,0.1,33.74,JPY
TAX-ORD-1243,ORD-1243,2024-11-23,US,VAT,382.54,0.08,30.6,USD
TAX-ORD-1244,ORD-1244,2024-11-01,AU,VAT,183.85,0.1,18.39,AUD
DUTY-ORD-1244,ORD-1244,2024-11-01,AU,DUTY,183.85,0.05,9.19,AUD
TAX-ORD-1245,ORD-1245,2024-11-23,US,VAT,274.55,0.08,21.96,USD
TAX-ORD-1246,ORD-1246,2024-11-14,US,VAT,216.74,0.08,17.34,USD
TAX-ORD-1247,ORD-1247,2024-11-04,US,VAT,58.22,0.08,4.66,USD
TAX-ORD-1248,ORD-1248,2024-10-21,JP,VAT,337.06,0.1,33.71,JPY
DUTY-ORD-1248,ORD-1248,2024-10-21,JP,DUTY,337.06,0.12,40.45,JPY
TAX-ORD-1249,ORD-1249,2024-12-05,FR,VAT,273.82,0.2,54.76,EUR
DUTY-ORD-1249,ORD-1249,2024-12-05,FR,DUTY,273.82,0.08,21.91,EUR
TAX-ORD-1250,ORD-1250,2024-10-31,UK,VAT,58.19,0.2,11.64,GBP
DUTY-ORD-1250,ORD-1250,2024-10-31,UK,DUTY,58.19,0.12,6.98,GBP
TAX-ORD-1251,ORD-1251,2024-12-26,CA,VAT,344.98,0.13,44.85,CAD
DUTY-ORD-1251,ORD-1251,2024-12-26,CA,DUTY,344.98,0.08,27.6,CAD
TAX-ORD-1252,ORD-1252,2024-11-16,UK,VAT,207.23,0.2,41.45,GBP
DUTY-ORD-1252,ORD-1252,2024-11-16,UK,DUTY,207.23,0.12,24.87,GBP
TAX-ORD-1253,ORD-1253,2024-11-19,DE,VAT,175.87,0.19,33.42,EUR
TAX-ORD-1254,ORD-1254,2024-11-17,UK,VAT,425.28,0.2,85.06,GBP
TAX-ORD-1255,ORD-1255,2024-12-04,US,VAT,296.9,0.08,23.75,USD
TAX-ORD-1256,ORD-1256,2024-12-05,JP,VAT,154.67000000000002,0.1,15.47,JPY
DUTY-ORD-1256,ORD-1256,2024-12-05,JP,DUTY,154.67000000000002,0.05,7.73,JPY
TAX-ORD-1257,ORD-1257,2024-11-08,CA,VAT,223.5,0.13,29.05,CAD
TAX-ORD-1258,ORD-1258,2024-10-03,AU,VAT,417.31,0.1,41.73,AUD
DUTY-ORD-1258,ORD-1258,2024-10-03,AU,DUTY,417.31,0.08,33.38,AUD
TAX-ORD-1259,ORD-1259,2024-12-28,CA,VAT,152.54000000000002,0.13,19.83,CAD
DUTY-ORD-1259,ORD-1259,2024-12-28,CA,DUTY,152.54000000000002,0.08,12.2,CAD
TAX-ORD-1260,ORD-1260,2024-10-22,AU,VAT,318.86,0.1,31.89,AUD
DUTY-ORD-1260,ORD-1260,2024-10-22,AU,DUTY,318.86,0.08,25.51,AUD
TAX-ORD-1261,ORD-1261,2024-10-05,AU,VAT,108.67999999999999,0.1,10.87,AUD
DUTY-ORD-1261,ORD-1261,2024-10-05,AU,DUTY,108.67999999999999,0.08,8.69,AUD
TAX-ORD-1262,ORD-1262,2024-12-28,CA,VAT,260.14,0.13,33.82,CAD
TAX-ORD-1263,ORD-1263,2024-10-08,CA,VAT,241.92,0.13,31.45,CAD
TAX-ORD-1264,ORD-1264,2024-10-23,CA,VAT,251.45,0.13,32.69,CAD
DUTY-ORD-1264,ORD-1264,2024-10-23,CA,DUTY,251.45,0.05,12.57,CAD
TAX-ORD-1265,ORD-1265,2024-11-01,US,VAT,402.62,0.08,32.21,USD
TAX-ORD-1266,ORD-1266,2024-12-28,UK,VAT,175.92000000000002,0.2,35.18,GBP
DUTY-ORD-1266,ORD-1266,2024-12-28,UK,DUTY,175.92000000000002,0.12,21.11,GBP
TAX-ORD-1267,ORD-1267,2024-12-09,JP,VAT,376.44,0.1,37.64,JPY
DUTY-ORD-1267,ORD-1267,2024-12-09,JP,DUTY,376.44,0.05,18.82,JPY
TAX-ORD-1268,ORD-1268,2024-10-11,UK,VAT,132.32,0.2,26.46,GBP
DUTY-ORD-1268,ORD-1268,2024-10-11,UK,DUTY,132.32,0.12,15.88,GBP
TAX-ORD-1269,ORD-1269,2024-11-04,AU,VAT,100.59,0.1,10.06,AUD
TAX-ORD-1270,ORD-1270,2024-12-07,US,VAT,80.83,0.08,6.47,USD
TAX-ORD-1271,ORD-1271,2024-10-18,CA,VAT,374.46999999999997,0.13,48.68,CAD
DUTY-ORD-1271,ORD-1271,2024-10-18,CA,DUTY,374.46999999999997,0.08,29.96,CAD
TAX-ORD-1272,ORD-1272,2024-11-30,US,VAT,411.2,0.08,32.9,USD
TAX-ORD-1273,ORD-1273,2024-10-12,US,VAT,382.41,0.08,30.59,USD
TAX-ORD-1274,ORD-1274,2024-10-23,US,VAT,341.03000000000003,0.08,27.28,USD
TAX-ORD-1275,ORD-1275,2024-11-07,US,VAT,305.58,0.08,24.45,USD
TAX-ORD-1276,ORD-1276,2024-11-28,CA,VAT,245.03,0.13,31.85,CAD
DUTY-ORD-1276,ORD-1276,2024-11-28,CA,DUTY,245.03,0.05,12.25,CAD
TAX-ORD-1277,ORD-1277,2024-10-25,UK,VAT,322.15,0.2,64.43,GBP
DUTY-ORD-1277,ORD-1277,2024-10-25,UK,DUTY,322.15,0.05,16.11,GBP
TAX-ORD-1278,ORD-1278,2024-11-13,CA,VAT,351.7,0.13,45.72,CAD
TAX-ORD-1279,ORD-1279,2024-11-21,CA,VAT,89.03,0.13,11.57,CAD
DUTY-ORD-1279,ORD-1279,2024-11-21,CA,DUTY,89.03,0.12,10.68,CAD
TAX-ORD-1281,ORD-1281,2024-11-08,CA,VAT,142.54999999999998,0.13,18.53,CAD
DUTY-ORD-1281,ORD-1281,2024-11-08,CA,DUTY,142.54999999999998,0.05,7.13,CAD
TAX-ORD-1282,ORD-1282,2024-10-16,US,VAT,304.92,0.08,24.39,USD
TAX-ORD-1283,ORD-1283,2024-11-07,US,VAT,384.65,0.08,30.77,USD
TAX-ORD-1284,ORD-1284,2024-12-17,AU,VAT,414.68,0.1,41.47,AUD
DUTY-ORD-1284,ORD-1284,2024-12-17,AU,DUTY,414.68,0.12,49.76,AUD
TAX-ORD-1285,ORD-1285,2024-12-16,US,VAT,213.38,0.08,17.07,USD
TAX-ORD-1286,ORD-1286,2024-10-08,FR,VAT,126.87,0.2,25.37,EUR
DUTY-ORD-1286,ORD-1286,2024-10-08,FR,DUTY,126.87,0.05,6.34,EUR
TAX-ORD-1287,ORD-1287,2024-11-26,US,VAT,312.42,0.08,24.99,USD
TAX-ORD-1288,ORD-1288,2024-10-08,CA,VAT,255.56,0.13,33.22,CAD
DUTY-ORD-1288,ORD-1288,2024-10-08,CA,DUTY,255.56,0.08,20.44,CAD
TAX-ORD-1289,ORD-1289,2024-11-09,UK,VAT,375.65999999999997,0.2,75.13,GBP
TAX-ORD-1290,ORD-1290,2024-11-14,CA,VAT,77.12,0.13,10.03,CAD
DUTY-ORD-1290,ORD-1290,2024-11-14,CA,DUTY,77.12,0.12,9.25,CAD
TAX-ORD-1291,ORD-1291,2024-11-06,DE,VAT,315.7,0.19,59.98,EUR
TAX-ORD-1292,ORD-1292,2024-11-27,FR,VAT,197.14,0.2,39.43,EUR
TAX-ORD-1293,ORD-1293,2024-10-23,UK,VAT,96.58,0.2,19.32,GBP
DUTY-ORD-1293,ORD-1293,2024-10-23,UK,DUTY,96.58,0.12,11.59,GBP
TAX-ORD-1294,ORD-1294,2024-11-08,AU,VAT,192.69,0.1,19.27,AUD
DUTY-ORD-1294,ORD-1294,2024-11-08,AU,DUTY,192.69,0.12,23.12,AUD
TAX-ORD-1295,ORD-1295,2024-11-14,US,VAT,443.84,0.08,35.51,USD
TAX-ORD-1296,ORD-1296,2024-12-18,FR,VAT,51.339999999999996,0.2,10.27,EUR
DUTY-ORD-1296,ORD-1296,2024-12-18,FR,DUTY,51.339999999999996,0.05,2.57,EUR
TAX-ORD-1297,ORD-1297,2024-11-27,AU,VAT,71.9,0.1,7.19,AUD
DUTY-ORD-1297,ORD-1297,2024-11-27,AU,DUTY,71.9,0.12,8.63,AUD
TAX-ORD-1298,ORD-1298,2024-10-28,DE,VAT,96.1,0.19,18.26,EUR
TAX-ORD-1299,ORD-1299,2024-12-13,CA,VAT,299.74,0.13,38.97,CAD
TAX-ORD-1300,ORD-1300,2024-12-24,UK,VAT,156.44,0.2,31.29,GBP
DUTY-ORD-1300,ORD-1300,2024-12-24,UK,DUTY,156.44,0.12,18.77,GBP
TAX-ORD-1301,ORD-1301,2024-12-03,UK,VAT,271.59000000000003,0.2,54.32,GBP
DUTY-ORD-1301,ORD-1301,2024-12-03,UK,DUTY,271.59000000000003,0.12,32.59,GBP
TAX-ORD-1302,ORD-1302,2024-11-23,US,VAT,106.2,0.08,8.5,USD
TAX-ORD-1303,ORD-1303,2024-10-19,FR,VAT,242.45999999999998,0.2,48.49,EUR
DUTY-ORD-1303,ORD-1303,2024-10-19,FR,DUTY,242.45999999999998,0.05,12.12,EUR
TAX-ORD-1304,ORD-1304,2024-11-01,UK,VAT,68.46,0.2,13.69,GBP
DUTY-ORD-1304,ORD-1304,2024-11-01,UK,DUTY,68.46,0.05,3.42,GBP
TAX-ORD-1305,ORD-1305,2024-10-25,UK,VAT,322.24,0.2,64.45,GBP
DUTY-ORD-1305,ORD-1305,2024-10-25,UK,DUTY,322.24,0.05,16.11,GBP
TAX-ORD-1306,ORD-1306,2024-12-15,CA,VAT,225.87,0.13,29.36,CAD
TAX-ORD-1307,ORD-1307,2024-10-28,JP,VAT,82.23,0.1,8.22,JPY
DUTY-ORD-1307,ORD-1307,2024-10-28,JP,DUTY,82.23,0.12,9.87,JPY
TAX-ORD-1308,ORD-1308,2024-10-27,US,VAT,165.51999999999998,0.08,13.24,USD
TAX-ORD-1310,ORD-1310,2024-11-30,UK,VAT,120.19999999999999,0.2,24.04,GBP
DUTY-ORD-1310,ORD-1310,2024-11-30,UK,DUTY,120.19999999999999,0.08,9.62,GBP
TAX-ORD-1311,ORD-1311,2024-10-29,US,VAT,239.19,0.08,19.14,USD
TAX-ORD-1312,ORD-1312,2024-10-30,DE,VAT,233.49,0.19,44.36,EUR
DUTY-ORD-1312,ORD-1312,2024-10-30,DE,DUTY,233.49,0.12,28.02,EUR
TAX-ORD-1313,ORD-1313,2024-12-22,UK,VAT,322.79,0.2,64.56,GBP
DUTY-ORD-1313,ORD-1313,2024-12-22,UK,DUTY,322.79,0.12,38.73,GBP
TAX-ORD-1314,ORD-1314,2024-12-02,FR,VAT,495.65,0.2,99.13,EUR
DUTY-ORD-1314,ORD-1314,2024-12-02,FR,DUTY,495.65,0.05,24.78,EUR
TAX-ORD-1315,ORD-1315,2024-10-10,AU,VAT,315.15999999999997,0.1,31.52,AUD
DUTY-ORD-1315,ORD-1315,2024-10-10,AU,DUTY,315.15999999999997,0.08,25.21,AUD
TAX-ORD-1316,ORD-1316,2024-10-09,US,VAT,235.94,0.08,18.88,USD
TAX-ORD-1317,ORD-1317,2024-12-18,AU,VAT,45.66,0.1,4.57,AUD
DUTY-ORD-1317,ORD-1317,2024-12-18,AU,DUTY,45.66,0.12,5.48,AUD
TAX-ORD-1318,ORD-1318,2024-11-05,US,VAT,220.8,0.08,17.66,USD
TAX-ORD-1319,ORD-1319,2024-10-14,CA,VAT,134.67,0.13,17.51,CAD
DUTY-ORD-1319,ORD-1319,2024-10-14,CA,DUTY,134.67,0.08,10.77,CAD
TAX-ORD-1320,ORD-1320,2024-11-20,JP,VAT,230.89000000000001,0.1,23.09,JPY
DUTY-ORD-1320,ORD-1320,2024-11-20,JP,DUTY,230.89000000000001,0.08,18.47,JPY
TAX-ORD-1321,ORD-1321,2024-12-27,US,VAT,496.25,0.08,39.7,USD
TAX-ORD-1322,ORD-1322,2024-12-10,CA,VAT,366.28,0.13,47.62,CAD
DUTY-ORD-1322,ORD-1322,2024-12-10,CA,DUTY,366.28,0.12,43.95,CAD
TAX-ORD-1323,ORD-1323,2024-11-12,FR,VAT,92.91,0.2,18.58,EUR
DUTY-ORD-1323,ORD-1323,2024-11-12,FR,DUTY,92.91,0.05,4.65,EUR
TAX-ORD-1324,ORD-1324,2024-12-28,UK,VAT,70.95,0.2,14.19,GBP
DUTY-ORD-1324,ORD-1324,2024-12-28,UK,DUTY,70.95,0.05,3.55,GBP
TAX-ORD-1325,ORD-1325,2024-12-09,US,VAT,397.75,0.08,31.82,USD
TAX-ORD-1326,ORD-1326,2024-10-19,AU,VAT,229.23,0.1,22.92,AUD
DUTY-ORD-1326,ORD-1326,2024-10-19,AU,DUTY,229.23,0.12,27.51,AUD
TAX-ORD-1327,ORD-1327,2024-12-12,UK,VAT,385.42,0.2,77.08,GBP
DUTY-ORD-1327,ORD-1327,2024-12-12,UK,DUTY,385.42,0.08,30.83,GBP
TAX-ORD-1328,ORD-1328,2024-12-28,CA,VAT,488.45,0.13,63.5,CAD
DUTY-ORD-1328,ORD-1328,2024-12-28,CA,DUTY,488.45,0.08,39.08,CAD
TAX-ORD-1329,ORD-1329,2024-10-10,DE,VAT,383.75,0.19,72.91,EUR
DUTY-ORD-1329,ORD-1329,2024-10-10,DE,DUTY,383.75,0.05,19.19,EUR
TAX-ORD-1330,ORD-1330,2024-12-21,JP,VAT,230.14999999999998,0.1,23.02,JPY
DUTY-ORD-1330,ORD-1330,2024-12-21,JP,DUTY,230.14999999999998,0.05,11.51,JPY
TAX-ORD-1331,ORD-1331,2024-10-24,AU,VAT,75.28,0.1,7.53,AUD
DUTY-ORD-1331,ORD-1331,2024-10-24,AU,DUTY,75.28,0.05,3.76,AUD
TAX-ORD-1332,ORD-1332,2024-10-11,UK,VAT,362.47,0.2,72.49,GBP
DUTY-ORD-1332,ORD-1332,2024-10-11,UK,DUTY,362.47,0.08,29.0,GBP
TAX-ORD-1333,ORD-1333,2024-10-14,JP,VAT,212.60999999999999,0.1,21.26,JPY
DUTY-ORD-1333,ORD-1333,2024-10-14,JP,DUTY,212.60999999999999,0.08,17.01,JPY
TAX-ORD-1334,ORD-1334,2024-11-25,CA,VAT,233.62,0.13,30.37,CAD
DUTY-ORD-1334,ORD-1334,2024-11-25,CA,DUTY,233.62,0.05,11.68,CAD
TAX-ORD-1335,ORD-1335,2024-12-16,UK,VAT,189.86,0.2,37.97,GBP
DUTY-ORD-1335,ORD-1335,2024-12-16,UK,DUTY,189.86,0.05,9.49,GBP
TAX-ORD-1336,ORD-1336,2024-12-11,JP,VAT,276.64,0.1,27.66,JPY
DUTY-ORD-1336,ORD-1336,2024-12-11,JP,DUTY,276.64,0.08,22.13,JPY
TAX-ORD-1337,ORD-1337,2024-11-04,UK,VAT,62.78,0.2,12.56,GBP
TAX-ORD-1338,ORD-1338,2024-10-10,JP,VAT,299.52,0.1,29.95,JPY
DUTY-ORD-1338,ORD-1338,2024-10-10,JP,DUTY,299.52,0.08,23.96,JPY
TAX-ORD-1339,ORD-1339,2024-10-14,US,VAT,182.45,0.08,14.6,USD
TAX-ORD-1340,ORD-1340,2024-11-12,DE,VAT,308.67,0.19,58.65,EUR
DUTY-ORD-1340,ORD-1340,2024-11-12,DE,DUTY,308.67,0.12,37.04,EUR
TAX-ORD-1341,ORD-1341,2024-12-28,UK,VAT,411.45,0.2,82.29,GBP
DUTY-ORD-1341,ORD-1341,2024-12-28,UK,DUTY,411.45,0.12,49.37,GBP
TAX-ORD-1342,ORD-1342,2024-12-02,DE,VAT,167.15,0.19,31.76,EUR
DUTY-ORD-1342,ORD-1342,2024-12-02,DE,DUTY,167.15,0.08,13.37,EUR
TAX-ORD-1343,ORD-1343,2024-10-15,US,VAT,448.89,0.08,35.91,USD
TAX-ORD-1344,ORD-1344,2024-11-29,US,VAT,408.96,0.08,32.72,USD
TAX-ORD-1345,ORD-1345,2024-11-22,US,VAT,158.33,0.08,12.67,USD
TAX-ORD-1346,ORD-1346,2024-11-18,JP,VAT,212.53000000000003,0.1,21.25,JPY
DUTY-ORD-1346,ORD-1346,2024-11-18,JP,DUTY,212.53000000000003,0.12,25.5,JPY
TAX-ORD-1347,ORD-1347,2024-12-28,US,VAT,485.79,0.08,38.86,USD
TAX-ORD-1348,ORD-1348,2024-12-25,CA,VAT,55.940000000000005,0.13,7.27,CAD
TAX-ORD-1349,ORD-1349,2024-11-25,US,VAT,134.91,0.08,10.79,USD
TAX-ORD-1350,ORD-1350,2024-12-26,CA,VAT,205.24,0.13,26.68,CAD
TAX-ORD-1351,ORD-1351,2024-10-11,JP,VAT,96.69,0.1,9.67,JPY
TAX-ORD-1352,ORD-1352,2024-12-06,UK,VAT,197.73999999999998,0.2,39.55,GBP
DUTY-ORD-1352,ORD-1352,2024-12-06,UK,DUTY,197.73999999999998,0.12,23.73,GBP
TAX-ORD-1353,ORD-1353,2024-10-15,UK,VAT,89.28999999999999,0.2,17.86,GBP
DUTY-ORD-1353,ORD-1353,2024-10-15,UK,DUTY,89.28999999999999,0.05,4.46,GBP
TAX-ORD-1354,ORD-1354,2024-12-06,US,VAT,241.54000000000002,0.08,19.32,USD
TAX-ORD-1355,ORD-1355,2024-10-24,AU,VAT,205.20999999999998,0.1,20.52,AUD
TAX-ORD-1356,ORD-1356,2024-10-01,US,VAT,388.55,0.08,31.08,USD
TAX-ORD-1357,ORD-1357,2024-12-08,UK,VAT,217.52,0.2,43.5,GBP
TAX-ORD-1358,ORD-1358,2024-12-21,UK,VAT,226.64,0.2,45.33,GBP
DUTY-ORD-1358,ORD-1358,2024-12-21,UK,DUTY,226.64,0.05,11.33,GBP
TAX-ORD-1359,ORD-1359,2024-12-19,AU,VAT,410.28,0.1,41.03,AUD
DUTY-ORD-1359,ORD-1359,2024-12-19,AU,DUTY,410.28,0.08,32.82,AUD
TAX-ORD-1360,ORD-1360,2024-10-31,US,VAT,289.64,0.08,23.17,USD
TAX-ORD-1361,ORD-1361,2024-11-19,UK,VAT,262.64,0.2,52.53,GBP
DUTY-ORD-1361,ORD-1361,2024-11-19,UK,DUTY,262.64,0.05,13.13,GBP
TAX-ORD-1362,ORD-1362,2024-10-18,DE,VAT,279.42,0.19,53.09,EUR
DUTY-ORD-1362,ORD-1362,2024-10-18,DE,DUTY,279.42,0.08,22.35,EUR
TAX-ORD-1363,ORD-1363,2024-10-25,JP,VAT,221.95999999999998,0.1,22.2,JPY
DUTY-ORD-1363,ORD-1363,2024-10-25,JP,DUTY,221.95999999999998,0.08,17.76,JPY
TAX-ORD-1364,ORD-1364,2024-11-26,US,VAT,57.5,0.08,4.6,USD
TAX-ORD-1365,ORD-1365,2024-12-08,DE,VAT,243.63000000000002,0.19,46.29,EUR
DUTY-ORD-1365,ORD-1365,2024-12-08,DE,DUTY,243.63000000000002,0.05,12.18,EUR
TAX-ORD-1366,ORD-1366,2024-10-15,CA,VAT,495.9,0.13,64.47,CAD
TAX-ORD-1368,ORD-1368,2024-11-27,FR,VAT,89.14,0.2,17.83,EUR
DUTY-ORD-1368,ORD-1368,2024-11-27,FR,DUTY,89.14,0.08,7.13,EUR
TAX-ORD-1369,ORD-1369,2024-12-15,FR,VAT,259.7,0.2,51.94,EUR
DUTY-ORD-1369,ORD-1369,2024-12-15,FR,DUTY,259.7,0.05,12.98,EUR
TAX-ORD-1370,ORD-1370,2024-10-27,DE,VAT,260.54999999999995,0.19,49.5,EUR
TAX-ORD-1371,ORD-1371,2024-11-07,US,VAT,436.11,0.08,34.89,USD
TAX-ORD-1372,ORD-1372,2024-11-22,JP,VAT,396.15000000000003,0.1,39.62,JPY
DUTY-ORD-1372,ORD-1372,2024-11-22,JP,DUTY,396.15000000000003,0.08,31.69,JPY
TAX-ORD-1373,ORD-1373,2024-10-19,DE,VAT,314.13,0.19,59.68,EUR
DUTY-ORD-1373,ORD-1373,2024-10-19,DE,DUTY,314.13,0.12,37.7,EUR
TAX-ORD-1374,ORD-1374,2024-11-04,UK,VAT,83.98,0.2,16.8,GBP
TAX-ORD-1375,ORD-1375,2024-12-28,UK,VAT,405.97,0.2,81.19,GBP
DUTY-ORD-1375,ORD-1375,2024-12-28,UK,DUTY,405.97,0.05,20.3,GBP
TAX-ORD-1376,ORD-1376,2024-10-12,UK,VAT,296.53000000000003,0.2,59.31,GBP
DUTY-ORD-1376,ORD-1376,2024-10-12,UK,DUTY,296.53000000000003,0.12,35.58,GBP
TAX-ORD-1377,ORD-1377,2024-11-20,UK,VAT,123.53000000000002,0.2,24.71,GBP
DUTY-ORD-1377,ORD-1377,2024-11-20,UK,DUTY,123.53000000000002,0.05,6.18,GBP
TAX-ORD-1378,ORD-1378,2024-12-10,CA,VAT,228.14,0.13,29.66,CAD
DUTY-ORD-1378,ORD-1378,2024-12-10,CA,DUTY,228.14,0.08,18.25,CAD
TAX-ORD-1379,ORD-1379,2024-10-06,DE,VAT,256.81,0.19,48.79,EUR
TAX-ORD-1380,ORD-1380,2024-11-28,JP,VAT,126.94,0.1,12.69,JPY
DUTY-ORD-1380,ORD-1380,2024-11-28,JP,DUTY,126.94,0.12,15.23,JPY
TAX-ORD-1381,ORD-1381,2024-11-05,UK,VAT,78.38,0.2,15.68,GBP
DUTY-ORD-1381,ORD-1381,2024-11-05,UK,DUTY,78.38,0.12,9.41,GBP
TAX-ORD-1382,ORD-1382,2024-12-29,UK,VAT,91.04,0.2,18.21,GBP
DUTY-ORD-1382,ORD-1382,2024-12-29,UK,DUTY,91.04,0.12,10.92,GBP
TAX-ORD-1383,ORD-1383,2024-10-17,CA,VAT,250.28,0.13,32.54,CAD
DUTY-ORD-1383,ORD-1383,2024-10-17,CA,DUTY,250.28,0.08,20.02,CAD
TAX-ORD-1384,ORD-1384,2024-11-24,UK,VAT,153.03,0.2,30.61,GBP
TAX-ORD-1385,ORD-1385,2024-11-10,US,VAT,200.0,0.08,16.0,USD
TAX-ORD-1386,ORD-1386,2024-10-09,US,VAT,274.01,0.08,21.92,USD
TAX-ORD-1387,ORD-1387,2024-10-20,CA,VAT,224.16,0.13,29.14,CAD
TAX-ORD-1388,ORD-1388,2024-10-16,UK,VAT,410.94,0.2,82.19,GBP
DUTY-ORD-1388,ORD-1388,2024-10-16,UK,DUTY,410.94,0.08,32.88,GBP
TAX-ORD-1389,ORD-1389,2024-12-22,CA,VAT,272.0,0.13,35.36,CAD
DUTY-ORD-1389,ORD-1389,2024-12-22,CA,DUTY,272.0,0.05,13.6,CAD
TAX-ORD-1390,ORD-1390,2024-12-24,US,VAT,290.81,0.08,23.26,USD
TAX-ORD-1391,ORD-1391,2024-10-07,DE,VAT,126.16,0.19,23.97,EUR
DUTY-ORD-1391,ORD-1391,2024-10-07,DE,DUTY,126.16,0.12,15.14,EUR
TAX-ORD-1392,ORD-1392,2024-12-16,FR,VAT,47.12,0.2,9.42,EUR
DUTY-ORD-1392,ORD-1392,2024-12-16,FR,DUTY,47.12,0.05,2.36,EUR
TAX-ORD-1393,ORD-1393,2024-12-12,CA,VAT,102.2,0.13,13.29,CAD
DUTY-ORD-1393,ORD-1393,2024-12-12,CA,DUTY,102.2,0.08,8.18,CAD
TAX-ORD-1394,ORD-1394,2024-10-03,US,VAT,147.08,0.08,11.77,USD
TAX-ORD-1395,ORD-1395,2024-11-06,CA,VAT,189.55,0.13,24.64,CAD
DUTY-ORD-1395,ORD-1395,2024-11-06,CA,DUTY,189.55,0.05,9.48,CAD
TAX-ORD-1396,ORD-1396,2024-12-18,US,VAT,77.0,0.08,6.16,USD
TAX-ORD-1397,ORD-1397,2024-11-11,CA,VAT,425.54,0.13,55.32,CAD
DUTY-ORD-1397,ORD-1397,2024-11-11,CA,DUTY,425.54,0.05,21.28,CAD
TAX-ORD-1398,ORD-1398,2024-10-31,US,VAT,196.42000000000002,0.08,15.71,USD
TAX-ORD-1399,ORD-1399,2024-12-25,AU,VAT,93.37,0.1,9.34,AUD
DUTY-ORD-1399,ORD-1399,2024-12-25,AU,DUTY,93.37,0.08,7.47,AUD
TAX-ORD-1400,ORD-1400,2024-11-14,DE,VAT,336.90999999999997,0.19,64.01,EUR
DUTY-ORD-1400,ORD-1400,2024-11-14,DE,DUTY,336.90999999999997,0.12,40.43,EUR
TAX-ORD-1401,ORD-1401,2024-11-04,US,VAT,386.71,0.08,30.94,USD
TAX-ORD-1402,ORD-1402,2024-10-09,JP,VAT,265.90999999999997,0.1,26.59,JPY
DUTY-ORD-1402,ORD-1402,2024-10-09,JP,DUTY,265.90999999999997,0.05,13.3,JPY
TAX-ORD-1403,ORD-1403,2024-12-03,US,VAT,120.79,0.08,9.66,USD
TAX-ORD-1404,ORD-1404,2024-10-15,CA,VAT,69.82,0.13,9.08,CAD
TAX-ORD-1405,ORD-1405,2024-11-19,US,VAT,482.15,0.08,38.57,USD
TAX-ORD-1406,ORD-1406,2024-12-23,UK,VAT,201.72,0.2,40.34,GBP
DUTY-ORD-1406,ORD-1406,2024-12-23,UK,DUTY,201.72,0.05,10.09,GBP
TAX-ORD-1408,ORD-1408,2024-11-21,UK,VAT,150.48,0.2,30.1,GBP
DUTY-ORD-1408,ORD-1408,2024-11-21,UK,DUTY,150.48,0.05,7.52,GBP
TAX-ORD-1409,ORD-1409,2024-10-02,US,VAT,362.72999999999996,0.08,29.02,USD
TAX-ORD-1410,ORD-1410,2024-12-03,DE,VAT,341.65000000000003,0.19,64.91,EUR
TAX-ORD-1411,ORD-1411,2024-10-04,UK,VAT,427.81,0.2,85.56,GBP
DUTY-ORD-1411,ORD-1411,2024-10-04,UK,DUTY,427.81,0.12,51.34,GBP
TAX-ORD-1412,ORD-1412,2024-12-24,AU,VAT,169.54,0.1,16.95,AUD
TAX-ORD-1413,ORD-1413,2024-12-02,JP,VAT,96.96,0.1,9.7,JPY
DUTY-ORD-1413,ORD-1413,2024-12-02,JP,DUTY,96.96,0.12,11.64,JPY
TAX-ORD-1414,ORD-1414,2024-12-06,FR,VAT,256.31,0.2,51.26,EUR
DUTY-ORD-1414,ORD-1414,2024-12-06,FR,DUTY,256.31,0.08,20.5,EUR
TAX-ORD-1415,ORD-1415,2024-12-21,US,VAT,244.42,0.08,19.55,USD
TAX-ORD-1416,ORD-1416,2024-11-07,UK,VAT,348.81,0.2,69.76,GBP
DUTY-ORD-1416,ORD-1416,2024-11-07,UK,DUTY,348.81,0.08,27.9,GBP
TAX-ORD-1417,ORD-1417,2024-10-10,US,VAT,396.57,0.08,31.73,USD
TAX-ORD-1418,ORD-1418,2024-11-29,US,VAT,190.10999999999999,0.08,15.21,USD
TAX-ORD-1419,ORD-1419,2024-10-16,DE,VAT,186.9,0.19,35.51,EUR
DUTY-ORD-1419,ORD-1419,2024-10-16,DE,DUTY,186.9,0.05,9.35,EUR
TAX-ORD-1420,ORD-1420,2024-10-19,US,VAT,210.08,0.08,16.81,USD
TAX-ORD-1421,ORD-1421,2024-10-23,UK,VAT,228.14000000000001,0.2,45.63,GBP
DUTY-ORD-1421,ORD-1421,2024-10-23,UK,DUTY,228.14000000000001,0.05,11.41,GBP
TAX-ORD-1422,ORD-1422,2024-10-18,US,VAT,361.29,0.08,28.9,USD
TAX-ORD-1423,ORD-1423,2024-11-17,JP,VAT,74.64999999999999,0.1,7.46,JPY
DUTY-ORD-1423,ORD-1423,2024-11-17,JP,DUTY,74.64999999999999,0.08,5.97,JPY
TAX-ORD-1424,ORD-1424,2024-10-09,CA,VAT,414.18,0.13,53.84,CAD
TAX-ORD-1425,ORD-1425,2024-11-12,JP,VAT,58.230000000000004,0.1,5.82,JPY
DUTY-ORD-1425,ORD-1425,2024-11-12,JP,DUTY,58.230000000000004,0.08,4.66,JPY
TAX-ORD-1426,ORD-1426,2024-10-04,UK,VAT,188.34,0.2,37.67,GBP
DUTY-ORD-1426,ORD-1426,2024-10-04,UK,DUTY,188.34,0.12,22.6,GBP
TAX-ORD-1427,ORD-1427,2024-10-20,CA,VAT,136.51,0.13,17.75,CAD
DUTY-ORD-1427,ORD-1427,2024-10-20,CA,DUTY,136.51,0.05,6.83,CAD
TAX-ORD-1428,ORD-1428,2024-12-01,US,VAT,100.58000000000001,0.08,8.05,USD
TAX-ORD-1429,ORD-1429,2024-11-01,DE,VAT,326.14,0.19,61.97,EUR
TAX-ORD-1430,ORD-1430,2024-12-09,UK,VAT,258.86,0.2,51.77,GBP
DUTY-ORD-1430,ORD-1430,2024-12-09,UK,DUTY,258.86,0.05,12.94,GBP
TAX-ORD-1432,ORD-1432,2024-12-07,CA,VAT,139.27,0.13,18.11,CAD
DUTY-ORD-1432,ORD-1432,2024-12-07,CA,DUTY,139.27,0.08,11.14,CAD
TAX-ORD-1434,ORD-1434,2024-11-19,DE,VAT,387.31,0.19,73.59,EUR
TAX-ORD-1435,ORD-1435,2024-12-29,CA,VAT,311.57,0.13,40.5,CAD
DUTY-ORD-1435,ORD-1435,2024-12-29,CA,DUTY,311.57,0.08,24.93,CAD
TAX-ORD-1436,ORD-1436,2024-12-12,DE,VAT,331.74,0.19,63.03,EUR
DUTY-ORD-1436,ORD-1436,2024-12-12,DE,DUTY,331.74,0.12,39.81,EUR
TAX-ORD-1437,ORD-1437,2024-10-05,US,VAT,118.77000000000001,0.08,9.5,USD
TAX-ORD-1438,ORD-1438,2024-10-26,UK,VAT,110.38000000000001,0.2,22.08,GBP
DUTY-ORD-1438,ORD-1438,2024-10-26,UK,DUTY,110.38000000000001,0.08,8.83,GBP
TAX-ORD-1439,ORD-1439,2024-10-19,DE,VAT,437.3,0.19,83.09,EUR
TAX-ORD-1440,ORD-1440,2024-11-20,UK,VAT,175.64999999999998,0.2,35.13,GBP
DUTY-ORD-1440,ORD-1440,2024-11-20,UK,DUTY,175.64999999999998,0.08,14.05,GBP
TAX-ORD-1441,ORD-1441,2024-12-21,CA,VAT,109.12999999999998,0.13,14.19,CAD
DUTY-ORD-1441,ORD-1441,2024-12-21,CA,DUTY,109.12999999999998,0.05,5.46,CAD
TAX-ORD-1442,ORD-1442,2024-10-23,AU,VAT,164.28,0.1,16.43,AUD
DUTY-ORD-1442,ORD-1442,2024-10-23,AU,DUTY,164.28,0.05,8.21,AUD
TAX-ORD-1443,ORD-1443,2024-12-13,JP,VAT,484.33,0.1,48.43,JPY
TAX-ORD-1444,ORD-1444,2024-12-18,CA,VAT,424.36,0.13,55.17,CAD
DUTY-ORD-1444,ORD-1444,2024-12-18,CA,DUTY,424.36,0.05,21.22,CAD
TAX-ORD-1445,ORD-1445,2024-11-14,US,VAT,448.39,0.08,35.87,USD
TAX-ORD-1446,ORD-1446,2024-11-12,US,VAT,162.29,0.08,12.98,USD
TAX-ORD-1447,ORD-1447,2024-10-01,UK,VAT,214.96,0.2,42.99,GBP
DUTY-ORD-1447,ORD-1447,2024-10-01,UK,DUTY,214.96,0.12,25.8,GBP
TAX-ORD-1448,ORD-1448,2024-11-18,UK,VAT,380.65999999999997,0.2,76.13,GBP
DUTY-ORD-1448,ORD-1448,2024-11-18,UK,DUTY,380.65999999999997,0.12,45.68,GBP
TAX-ORD-1449,ORD-1449,2024-10-05,UK,VAT,478.25,0.2,95.65,GBP
TAX-ORD-1451,ORD-1451,2024-12-01,UK,VAT,275.31,0.2,55.06,GBP
DUTY-ORD-1451,ORD-1451,2024-12-01,UK,DUTY,275.31,0.08,22.02,GBP
TAX-ORD-1452,ORD-1452,2024-10-27,UK,VAT,254.45000000000002,0.2,50.89,GBP
DUTY-ORD-1452,ORD-1452,2024-10-27,UK,DUTY,254.45000000000002,0.05,12.72,GBP
TAX-ORD-1453,ORD-1453,2024-10-13,CA,VAT,385.14,0.13,50.07,CAD
DUTY-ORD-1453,ORD-1453,2024-10-13,CA,DUTY,385.14,0.05,19.26,CAD
TAX-ORD-1454,ORD-1454,2024-10-12,AU,VAT,288.09000000000003,0.1,28.81,AUD
DUTY-ORD-1454,ORD-1454,2024-10-12,AU,DUTY,288.09000000000003,0.08,23.05,AUD
TAX-ORD-1455,ORD-1455,2024-12-21,US,VAT,365.25,0.08,29.22,USD
TAX-ORD-1456,ORD-1456,2024-12-24,CA,VAT,190.73,0.13,24.79,CAD
DUTY-ORD-1456,ORD-1456,2024-12-24,CA,DUTY,190.73,0.08,15.26,CAD
TAX-ORD-1457,ORD-1457,2024-11-27,UK,VAT,143.25,0.2,28.65,GBP
DUTY-ORD-1457,ORD-1457,2024-11-27,UK,DUTY,143.25,0.08,11.46,GBP
TAX-ORD-1458,ORD-1458,2024-12-29,US,VAT,163.77,0.08,13.1,USD
TAX-ORD-1459,ORD-1459,2024-12-10,UK,VAT,228.13000000000002,0.2,45.63,GBP
DUTY-ORD-1459,ORD-1459,2024-12-10,UK,DUTY,228.13000000000002,0.08,18.25,GBP
TAX-ORD-1460,ORD-1460,2024-11-08,FR,VAT,334.3,0.2,66.86,EUR
DUTY-ORD-1460,ORD-1460,2024-11-08,FR,DUTY,334.3,0.05,16.71,EUR
TAX-ORD-1461,ORD-1461,2024-10-23,US,VAT,130.81,0.08,10.46,USD
TAX-ORD-1462,ORD-1462,2024-12-27,JP,VAT,282.40999999999997,0.1,28.24,JPY
DUTY-ORD-1462,ORD-1462,2024-12-27,JP,DUTY,282.40999999999997,0.12,33.89,JPY
TAX-ORD-1463,ORD-1463,2024-10-09,CA,VAT,253.66000000000003,0.13,32.98,CAD
TAX-ORD-1464,ORD-1464,2024-10-02,CA,VAT,228.11999999999998,0.13,29.66,CAD
TAX-ORD-1465,ORD-1465,2024-12-12,DE,VAT,472.84,0.19,89.84,EUR
DUTY-ORD-1465,ORD-1465,2024-12-12,DE,DUTY,472.84,0.08,37.83,EUR
TAX-ORD-1466,ORD-1466,2024-11-06,FR,VAT,378.29,0.2,75.66,EUR
DUTY-ORD-1466,ORD-1466,2024-11-06,FR,DUTY,378.29,0.12,45.39,EUR
TAX-ORD-1467,ORD-1467,2024-12-17,US,VAT,185.07,0.08,14.81,USD
TAX-ORD-1468,ORD-1468,2024-11-12,US,VAT,224.27000000000004,0.08,17.94,USD
TAX-ORD-1469,ORD-1469,2024-11-08,DE,VAT,436.21,0.19,82.88,EUR
DUTY-ORD-1469,ORD-1469,2024-11-08,DE,DUTY,436.21,0.05,21.81,EUR
TAX-ORD-1470,ORD-1470,2024-11-08,UK,VAT,358.38,0.2,71.68,GBP
DUTY-ORD-1470,ORD-1470,2024-11-08,UK,DUTY,358.38,0.05,17.92,GBP
TAX-ORD-1471,ORD-1471,2024-10-12,US,VAT,336.63,0.08,26.93,USD
TAX-ORD-1472,ORD-1472,2024-10-08,US,VAT,152.01,0.08,12.16,USD
TAX-ORD-1473,ORD-1473,2024-12-12,US,VAT,424.82,0.08,33.99,USD
TAX-ORD-1474,ORD-1474,2024-11-16,US,VAT,336.46,0.08,26.92,USD
TAX-ORD-1475,ORD-1475,2024-10-04,UK,VAT,200.6,0.2,40.12,GBP
TAX-ORD-1476,ORD-1476,2024-10-21,US,VAT,423.89,0.08,33.91,USD
TAX-ORD-1477,ORD-1477,2024-10-21,DE,VAT,131.8,0.19,25.04,EUR
DUTY-ORD-1477,ORD-1477,2024-10-21,DE,DUTY,131.8,0.08,10.54,EUR
TAX-ORD-1478,ORD-1478,2024-11-04,CA,VAT,439.08,0.13,57.08,CAD
DUTY-ORD-1478,ORD-1478,2024-11-04,CA,DUTY,439.08,0.12,52.69,CAD
TAX-ORD-1479,ORD-1479,2024-10-23,US,VAT,139.04000000000002,0.08,11.12,USD
TAX-ORD-1480,ORD-1480,2024-11-05,UK,VAT,175.88,0.2,35.18,GBP
TAX-ORD-1481,ORD-1481,2024-12-06,UK,VAT,81.63000000000001,0.2,16.33,GBP
DUTY-ORD-1481,ORD-1481,2024-12-06,UK,DUTY,81.63000000000001,0.12,9.8,GBP
TAX-ORD-1482,ORD-1482,2024-11-06,US,VAT,66.92,0.08,5.35,USD
TAX-ORD-1483,ORD-1483,2024-11-03,JP,VAT,308.84000000000003,0.1,30.88,JPY
DUTY-ORD-1483,ORD-1483,2024-11-03,JP,DUTY,308.84000000000003,0.08,24.71,JPY
TAX-ORD-1484,ORD-1484,2024-10-08,DE,VAT,272.01,0.19,51.68,EUR
DUTY-ORD-1484,ORD-1484,2024-10-08,DE,DUTY,272.01,0.08,21.76,EUR
TAX-ORD-1485,ORD-1485,2024-12-23,US,VAT,366.49,0.08,29.32,USD
TAX-ORD-1486,ORD-1486,2024-12-13,UK,VAT,296.82,0.2,59.36,GBP
TAX-ORD-1487,ORD-1487,2024-12-04,US,VAT,311.34000000000003,0.08,24.91,USD
TAX-ORD-1488,ORD-1488,2024-11-03,CA,VAT,391.58000000000004,0.13,50.91,CAD
DUTY-ORD-1488,ORD-1488,2024-11-03,CA,DUTY,391.58000000000004,0.08,31.33,CAD
TAX-ORD-1489,ORD-1489,2024-10-29,UK,VAT,343.94,0.2,68.79,GBP
DUTY-ORD-1489,ORD-1489,2024-10-29,UK,DUTY,343.94,0.12,41.27,GBP
TAX-ORD-1490,ORD-1490,2024-11-29,UK,VAT,439.88,0.2,87.98,GBP
DUTY-ORD-1490,ORD-1490,2024-11-29,UK,DUTY,439.88,0.12,52.79,GBP
TAX-ORD-1491,ORD-1491,2024-10-16,UK,VAT,184.26,0.2,36.85,GBP
TAX-ORD-1492,ORD-1492,2024-10-26,JP,VAT,361.41999999999996,0.1,36.14,JPY
DUTY-ORD-1492,ORD-1492,2024-10-26,JP,DUTY,361.41999999999996,0.08,28.91,JPY
TAX-ORD-1493,ORD-1493,2024-10-24,UK,VAT,300.56,0.2,60.11,GBP
DUTY-ORD-1493,ORD-1493,2024-10-24,UK,DUTY,300.56,0.05,15.03,GBP
TAX-ORD-1494,ORD-1494,2024-11-27,DE,VAT,113.28,0.19,21.52,EUR
DUTY-ORD-1494,ORD-1494,2024-11-27,DE,DUTY,113.28,0.08,9.06,EUR
TAX-ORD-1495,ORD-1495,2024-10-12,UK,VAT,194.57999999999998,0.2,38.92,GBP
TAX-ORD-1496,ORD-1496,2024-10-05,AU,VAT,405.9,0.1,40.59,AUD
TAX-ORD-1497,ORD-1497,2024-10-03,CA,VAT,137.67,0.13,17.9,CAD
DUTY-ORD-1497,ORD-1497,2024-10-03,CA,DUTY,137.67,0.05,6.88,CAD
TAX-ORD-1498,ORD-1498,2024-12-04,US,VAT,357.62,0.08,28.61,USD
TAX-ORD-1499,ORD-1499,2024-12-06,UK,VAT,404.63,0.2,80.93,GBP
